CUADRANTE,POBLACION,ROBOS A CASAHABITACION MES 1 2015,ROBOS A CASAHABITACION MES 1 2016,ROBOS A CASAHABITACION MES 1 2017,ROBOS A CASAHABITACION MES 1 2018,ROBOS A CASAHABITACION MES 1 2019,ROBOS A CASAHABITACION MES 1 2020,ROBOS A CASAHABITACION MES 1 2021,ROBOS A CASAHABITACION MES 1 2022,ROBOS A CASAHABITACION MES 1 2023,ROBOS A CASAHABITACION MES 1 2024,ROBOS A CASAHABITACION MES 2 2015,ROBOS A CASAHABITACION MES 2 2016,ROBOS A CASAHABITACION MES 2 2017,ROBOS A CASAHABITACION MES 2 2018,ROBOS A CASAHABITACION MES 2 2019,ROBOS A CASAHABITACION MES 2 2020,ROBOS A CASAHABITACION MES 2 2021,ROBOS A CASAHABITACION MES 2 2022,ROBOS A CASAHABITACION MES 2 2023,ROBOS A CASAHABITACION MES 2 2024,ROBOS A CASAHABITACION MES 3 2015,ROBOS A CASAHABITACION MES 3 2016,ROBOS A CASAHABITACION MES 3 2017,ROBOS A CASAHABITACION MES 3 2018,ROBOS A CASAHABITACION MES 3 2019,ROBOS A CASAHABITACION MES 3 2020,ROBOS A CASAHABITACION MES 3 2021,ROBOS A CASAHABITACION MES 3 2022,ROBOS A CASAHABITACION MES 3 2023,ROBOS A CASAHABITACION MES 3 2024,ROBOS A CASAHABITACION MES 4 2015,ROBOS A CASAHABITACION MES 4 2016,ROBOS A CASAHABITACION MES 4 2017,ROBOS A CASAHABITACION MES 4 2018,ROBOS A CASAHABITACION MES 4 2019,ROBOS A CASAHABITACION MES 4 2020,ROBOS A CASAHABITACION MES 4 2021,ROBOS A CASAHABITACION MES 4 2022,ROBOS A CASAHABITACION MES 4 2023,ROBOS A CASAHABITACION MES 4 2024,ROBOS A CASAHABITACION MES 5 2015,ROBOS A CASAHABITACION MES 5 2016,ROBOS A CASAHABITACION MES 5 2017,ROBOS A CASAHABITACION MES 5 2018,ROBOS A CASAHABITACION MES 5 2019,ROBOS A CASAHABITACION MES 5 2020,ROBOS A CASAHABITACION MES 5 2021,ROBOS A CASAHABITACION MES 5 2022,ROBOS A CASAHABITACION MES 5 2023,ROBOS A CASAHABITACION MES 5 2024,ROBOS A CASAHABITACION MES 6 2015,ROBOS A CASAHABITACION MES 6 2016,ROBOS A CASAHABITACION MES 6 2017,ROBOS A CASAHABITACION MES 6 2018,ROBOS A CASAHABITACION MES 6 2019,ROBOS A CASAHABITACION MES 6 2020,ROBOS A CASAHABITACION MES 6 2021,ROBOS A CASAHABITACION MES 6 2022,ROBOS A CASAHABITACION MES 6 2023,ROBOS A CASAHABITACION MES 6 2024,ROBOS A CASAHABITACION MES 7 2015,ROBOS A CASAHABITACION MES 7 2016,ROBOS A CASAHABITACION MES 7 2017,ROBOS A CASAHABITACION MES 7 2018,ROBOS A CASAHABITACION MES 7 2019,ROBOS A CASAHABITACION MES 7 2020,ROBOS A CASAHABITACION MES 7 2021,ROBOS A CASAHABITACION MES 7 2022,ROBOS A CASAHABITACION MES 7 2023,ROBOS A CASAHABITACION MES 7 2024,ROBOS A CASAHABITACION MES 8 2015,ROBOS A CASAHABITACION MES 8 2016,ROBOS A CASAHABITACION MES 8 2017,ROBOS A CASAHABITACION MES 8 2018,ROBOS A CASAHABITACION MES 8 2019,ROBOS A CASAHABITACION MES 8 2020,ROBOS A CASAHABITACION MES 8 2021,ROBOS A CASAHABITACION MES 8 2022,ROBOS A CASAHABITACION MES 8 2023,ROBOS A CASAHABITACION MES 8 2024,ROBOS A CASAHABITACION MES 9 2015,ROBOS A CASAHABITACION MES 9 2016,ROBOS A CASAHABITACION MES 9 2017,ROBOS A CASAHABITACION MES 9 2018,ROBOS A CASAHABITACION MES 9 2019,ROBOS A CASAHABITACION MES 9 2020,ROBOS A CASAHABITACION MES 9 2021,ROBOS A CASAHABITACION MES 9 2022,ROBOS A CASAHABITACION MES 9 2023,ROBOS A CASAHABITACION MES 9 2024,ROBOS A CASAHABITACION MES 10 2015,ROBOS A CASAHABITACION MES 10 2016,ROBOS A CASAHABITACION MES 10 2017,ROBOS A CASAHABITACION MES 10 2018,ROBOS A CASAHABITACION MES 10 2019,ROBOS A CASAHABITACION MES 10 2020,ROBOS A CASAHABITACION MES 10 2021,ROBOS A CASAHABITACION MES 10 2022,ROBOS A CASAHABITACION MES 10 2023,ROBOS A CASAHABITACION MES 10 2024,ROBOS A CASAHABITACION MES 11 2015,ROBOS A CASAHABITACION MES 11 2016,ROBOS A CASAHABITACION MES 11 2017,ROBOS A CASAHABITACION MES 11 2018,ROBOS A CASAHABITACION MES 11 2019,ROBOS A CASAHABITACION MES 11 2020,ROBOS A CASAHABITACION MES 11 2021,ROBOS A CASAHABITACION MES 11 2022,ROBOS A CASAHABITACION MES 11 2023,ROBOS A CASAHABITACION MES 11 2024,ROBOS A CASAHABITACION MES 12 2015,ROBOS A CASAHABITACION MES 12 2016,ROBOS A CASAHABITACION MES 12 2017,ROBOS A CASAHABITACION MES 12 2018,ROBOS A CASAHABITACION MES 12 2019,ROBOS A CASAHABITACION MES 12 2020,ROBOS A CASAHABITACION MES 12 2021,ROBOS A CASAHABITACION MES 12 2022,ROBOS A CASAHABITACION MES 12 2023,ROBOS A CASAHABITACION MES 12 2024
1,0,2,3,1,0,0,0,0,0,0,1,0,1,0,0,0,0,0,0,0,0,4,7,1,1,0,0,0,0,0,0,2,3,1,0,1,0,0,0,0,0,5,6,1,0,0,0,0,1,0,0,4,1,4,3,0,0,0,0,0,0,1,4,1,2,0,0,0,0,0,0,10,3,0,0,0,0,0,0,0,0,11,5,0,0,1,0,0,0,0,0,1,1,3,2,0,0,0,0,0,0,3,0,0,1,0,0,0,0,0,0,1,0,0,1,0,0,0,0,0,0
2,0,0,1,0,0,0,0,0,0,0,0,0,0,0,0,0,0,0,0,0,0,1,0,0,0,0,0,0,0,0,0,0,0,0,0,0,0,0,0,0,0,0,0,0,0,0,0,0,0,0,0,0,0,0,0,0,0,0,0,0,0,0,0,0,0,0,0,0,0,0,0,0,0,0,0,0,0,0,0,0,0,0,0,0,0,0,0,0,0,0,0,0,0,0,0,0,0,0,0,0,0,0,0,0,0,0,0,0,0,0,0,0,0,0,0,0,0,0,0,0,0
3,18838,11,14,8,9,6,7,0,1,0,2,5,5,14,4,9,2,3,3,1,0,4,8,12,4,3,1,4,1,0,1,9,5,17,11,3,2,3,0,0,0,12,6,8,5,5,3,1,3,1,0,6,4,16,7,7,1,1,3,0,0,6,10,12,10,3,3,2,3,0,0,10,5,10,13,9,2,1,1,0,1,12,2,4,6,4,2,0,1,0,1,12,12,6,1,2,2,2,1,2,1,2,1,1,4,5,1,4,0,0,0,6,5,4,2,3,1,0,0,0,3
4,20919,1,0,2,4,0,5,0,1,0,2,2,2,5,5,0,2,5,2,1,0,3,0,5,3,4,4,3,2,3,0,0,3,0,3,4,7,2,2,1,0,2,0,3,2,3,4,4,2,1,0,1,0,2,1,0,4,3,2,1,0,2,0,3,0,5,5,1,1,0,2,2,0,2,1,3,2,7,0,1,1,2,0,4,2,2,3,2,1,2,5,1,0,2,1,5,2,4,1,0,2,0,4,1,0,4,3,8,1,0,3,2,4,3,2,0,3,2,0,2,1
5,391,0,1,0,1,0,0,0,0,0,0,0,0,1,0,0,0,0,0,0,0,0,0,0,0,0,0,0,0,0,0,0,0,0,0,0,0,0,0,0,0,0,0,0,0,0,0,0,0,0,0,0,0,0,0,0,0,0,0,0,0,0,0,0,0,0,0,0,0,0,0,0,0,0,0,0,0,0,0,0,0,0,0,0,0,0,0,0,0,0,0,0,1,0,0,1,0,0,0,0,0,0,0,0,1,0,0,0,0,0,0,0,0,0,0,0,0,0,0,0,0
6,24485,5,7,9,9,2,8,0,0,1,1,4,3,8,3,1,5,2,0,1,2,2,9,8,5,4,7,4,1,0,1,3,8,4,6,6,4,1,1,1,1,1,8,5,2,7,1,0,0,1,1,5,2,11,4,7,4,0,1,0,0,2,1,6,2,6,6,0,3,1,0,3,1,4,5,7,5,1,2,1,0,1,1,8,4,4,4,1,1,1,0,3,2,3,1,4,0,0,3,0,1,0,7,5,0,2,2,0,0,3,1,2,5,5,2,4,4,0,2,0,0
7,31984,3,9,7,5,9,1,0,0,0,1,5,8,11,6,4,5,6,0,0,3,8,7,10,5,5,8,1,1,0,0,3,10,10,4,5,3,5,3,1,2,2,7,12,9,4,1,1,1,2,3,3,5,6,3,8,3,6,2,2,1,13,8,7,5,3,1,0,1,3,0,7,5,6,5,4,4,5,1,1,1,6,8,7,2,5,2,1,0,4,2,10,7,7,7,5,0,2,3,2,5,5,6,3,4,4,6,0,0,1,0,6,4,3,1,3,4,0,3,2,3
8,28901,4,8,16,11,2,3,0,2,0,2,5,2,8,4,3,8,2,1,1,1,8,5,15,6,4,3,6,2,1,0,10,7,5,7,9,1,1,2,3,3,8,5,6,2,6,2,0,1,2,1,10,4,13,3,5,2,2,1,0,1,14,4,10,3,4,0,0,0,0,1,10,7,8,4,2,5,3,4,0,1,5,6,10,6,4,3,2,1,1,0,6,5,5,4,5,5,2,1,0,0,9,7,7,1,3,2,3,0,2,1,6,12,9,3,3,3,1,2,0,3
9,25765,2,6,5,5,4,2,0,3,1,1,4,4,10,5,2,4,3,4,1,4,8,6,11,5,3,1,3,2,0,3,2,5,7,4,3,0,0,1,1,2,4,6,6,6,5,0,1,0,1,0,4,6,4,4,7,3,1,1,0,0,3,3,5,3,4,0,1,2,2,0,7,10,7,4,6,2,2,2,1,0,4,5,4,5,4,2,2,1,2,0,4,10,9,1,4,1,1,3,0,1,10,23,5,3,2,0,1,0,0,2,9,8,13,1,2,0,1,1,0,2
10,0,0,0,0,0,0,0,0,0,0,0,0,0,0,0,0,0,0,0,0,0,0,0,0,0,0,0,0,0,0,0,0,0,0,0,0,0,0,0,0,0,0,0,0,0,0,0,0,0,0,0,0,0,0,0,0,0,0,0,0,0,0,0,0,0,0,0,0,0,0,0,0,0,0,0,0,0,0,0,0,0,0,0,0,0,0,0,0,0,0,0,0,0,0,0,0,0,0,0,0,0,0,0,0,0,0,0,0,0,0,0,0,0,0,0,0,0,0,0,0,0
11,22683,3,4,7,3,4,1,0,0,3,1,2,2,3,3,1,1,0,2,0,0,2,1,5,3,2,1,1,1,0,1,1,1,6,7,1,0,1,0,1,0,2,4,6,1,5,1,1,0,0,1,0,4,6,2,1,0,4,1,0,1,0,4,2,2,1,0,2,0,1,2,8,2,4,4,4,1,1,1,0,0,1,1,1,5,1,0,0,1,0,1,1,1,3,2,0,0,0,0,1,4,2,5,3,3,0,0,0,0,0,0,1,3,1,1,1,0,0,0,1,1
12,13257,4,3,4,4,1,1,0,1,1,1,4,2,5,2,1,2,1,0,3,2,6,4,4,6,1,1,1,2,3,2,7,7,1,3,2,0,0,0,0,1,4,7,8,4,6,2,0,0,1,1,2,7,1,1,8,2,2,0,0,0,0,7,8,1,4,2,1,1,2,1,4,4,9,5,1,2,1,0,2,1,7,4,5,2,1,0,0,2,2,1,1,2,2,1,0,0,0,2,0,0,1,5,6,1,3,1,0,1,1,2,2,3,4,1,3,1,1,0,2,2
13,19409,4,2,5,3,4,1,0,2,0,1,5,4,2,7,3,1,5,1,0,1,2,8,8,3,5,1,3,1,1,0,5,3,9,4,1,0,4,3,1,0,2,11,6,2,3,1,1,2,1,2,2,6,9,3,2,1,0,1,3,0,7,6,3,0,5,1,1,0,0,3,5,6,3,2,5,3,1,3,1,4,5,6,2,4,1,4,1,1,2,0,3,3,5,4,0,6,0,1,3,0,5,11,8,2,4,3,0,0,0,1,8,9,2,1,6,0,0,0,1,1
14,12702,1,4,4,9,2,3,0,0,0,0,4,1,14,4,1,7,0,2,1,0,3,1,13,1,2,2,1,0,1,1,4,6,6,1,2,1,0,1,2,0,4,1,2,1,1,1,0,0,1,0,2,5,1,1,1,0,0,1,0,1,0,5,4,1,2,0,1,1,0,1,4,2,7,1,2,2,1,4,0,0,2,4,3,1,0,2,0,1,0,0,4,2,5,1,0,1,0,0,1,0,1,7,3,2,3,0,1,0,1,0,1,2,5,3,1,0,0,0,2,1
15,13235,1,6,8,1,1,0,0,0,0,1,4,4,6,2,1,1,1,0,0,0,3,5,4,3,2,1,2,0,1,0,3,2,9,5,2,0,3,0,1,0,5,7,6,3,3,1,0,0,1,0,2,5,8,2,1,1,2,0,2,1,5,4,2,3,1,0,0,0,1,0,6,4,6,4,1,1,0,0,0,1,3,2,1,1,3,0,1,1,0,0,6,6,1,1,0,0,0,1,1,0,2,9,5,0,3,0,0,1,1,0,3,5,0,2,0,1,0,0,0,0
16,12090,1,2,8,1,1,2,0,1,0,0,0,0,3,4,3,0,1,0,0,0,1,3,3,8,2,1,0,0,0,0,4,2,6,4,1,2,4,1,1,0,2,0,4,5,1,1,0,0,1,2,2,3,3,4,2,0,2,1,0,0,1,1,5,3,1,0,0,2,0,0,3,4,3,8,0,0,3,1,0,0,4,1,0,4,0,1,3,1,0,0,3,2,3,4,1,1,1,1,0,0,0,3,5,6,3,1,0,0,0,1,1,1,9,3,1,1,0,1,1,1
17,14614,1,1,1,3,2,3,0,2,1,0,5,5,3,2,1,1,0,1,1,1,8,3,3,2,2,1,3,2,2,1,4,2,4,5,0,2,1,1,1,0,0,3,4,0,2,1,1,2,0,0,5,3,3,1,5,0,2,1,2,1,1,2,2,2,0,0,4,0,1,1,3,2,3,2,2,0,1,1,0,0,5,2,5,0,3,2,2,0,1,1,2,1,0,0,0,1,0,1,1,1,1,6,2,4,1,0,1,1,1,0,1,2,0,0,1,3,2,1,0,0
18,23000,5,6,15,5,3,1,0,0,0,1,2,3,5,6,4,1,2,0,2,0,5,4,7,9,2,1,2,0,2,1,9,4,4,3,6,1,2,2,1,0,8,10,8,0,2,4,0,1,4,1,6,4,6,6,4,1,2,2,5,1,4,7,2,2,3,3,2,1,0,1,2,5,6,5,1,3,1,2,0,3,2,6,7,2,3,4,1,0,1,1,9,5,2,2,1,1,0,1,3,1,0,8,1,4,2,1,1,0,0,0,3,5,1,4,3,4,1,0,5,0
19,18635,3,0,0,3,6,1,0,0,0,0,0,0,2,3,0,2,3,0,0,0,4,4,8,7,4,2,3,0,1,0,1,2,3,1,5,0,4,0,1,2,2,2,6,2,2,1,0,0,0,2,3,3,2,2,6,0,2,1,0,0,0,3,2,2,2,1,2,1,0,0,2,1,6,4,4,1,0,1,0,3,2,1,1,1,3,0,1,1,0,1,3,1,3,1,2,0,0,2,0,0,1,5,3,7,3,1,1,0,0,0,2,1,4,3,2,1,0,0,0,0
20,16290,2,2,2,1,4,5,0,3,1,2,1,3,5,2,4,3,1,6,1,0,5,7,11,4,4,4,1,2,1,4,6,5,9,0,0,0,4,0,1,2,1,12,6,2,2,0,2,1,3,3,4,6,5,1,5,0,1,1,2,0,1,2,4,1,4,0,2,2,1,1,3,1,6,1,2,1,1,2,2,1,3,6,5,4,4,0,1,2,1,2,3,4,3,3,2,3,2,0,1,1,4,10,2,1,1,3,2,1,4,0,3,6,3,1,2,0,0,4,2,3
21,30386,6,3,2,3,4,6,0,0,0,0,6,0,3,3,2,2,2,1,0,1,4,3,1,2,3,2,2,0,0,2,3,1,4,4,2,1,3,2,0,0,6,4,2,3,3,0,1,4,0,3,3,0,5,2,2,1,1,1,0,0,2,4,8,5,1,4,1,2,1,5,1,1,4,3,1,2,2,1,1,0,6,5,1,3,1,1,1,1,1,0,1,5,4,1,3,0,1,0,0,1,2,3,4,1,0,2,2,1,0,0,4,6,3,2,6,1,1,0,0,0
22,12211,3,1,1,3,2,0,0,0,0,1,3,1,2,2,0,0,1,1,0,0,5,3,2,4,2,0,3,0,2,3,1,3,1,1,2,0,2,0,2,2,1,1,1,1,3,0,1,0,0,1,3,1,0,0,1,0,0,1,0,0,2,3,3,1,0,1,2,0,0,0,0,0,0,1,1,2,1,0,1,1,0,0,1,1,0,1,0,0,0,0,1,2,4,0,0,0,0,1,2,0,1,3,0,1,0,0,0,0,0,1,1,5,3,0,1,1,0,1,1,1
23,10188,5,2,3,0,1,1,0,0,0,1,2,0,3,0,0,2,0,0,1,2,2,3,4,0,0,0,2,1,1,0,1,3,0,1,1,0,0,0,0,1,2,3,0,0,0,1,0,0,0,1,2,1,5,1,1,1,0,0,2,0,0,0,2,1,2,0,1,0,1,0,1,1,2,3,0,2,0,1,0,0,1,4,0,4,0,0,0,0,1,1,2,1,3,1,0,1,1,0,0,1,0,1,4,1,2,3,0,0,1,1,3,3,2,0,0,0,0,0,0,0
24,15560,5,4,2,3,4,0,0,2,1,1,3,3,6,2,2,2,1,2,0,1,4,8,4,5,1,2,1,0,1,2,4,7,7,2,1,0,5,1,3,0,1,1,4,2,2,0,2,0,0,0,7,4,12,1,6,1,3,1,0,1,1,2,4,1,1,1,3,1,2,0,3,3,10,3,2,0,0,1,0,0,3,6,5,6,0,4,2,1,2,0,4,2,12,2,1,0,1,1,5,2,4,2,10,1,2,2,1,3,2,1,6,7,6,1,4,0,2,1,2,0
25,12620,5,2,4,7,3,3,0,0,0,4,4,3,3,6,2,1,1,1,0,0,7,4,5,5,3,2,1,0,0,1,7,4,15,3,4,2,3,0,1,0,6,7,7,6,1,2,3,1,1,0,6,7,8,10,1,0,2,1,2,2,2,0,8,1,1,1,0,0,2,0,13,1,7,5,0,3,0,3,1,0,8,6,5,0,2,2,2,2,2,0,9,2,4,5,3,2,4,2,6,0,2,1,5,0,0,3,0,2,1,0,4,4,3,1,2,2,2,0,1,1
26,14883,2,3,0,8,2,3,0,0,1,4,3,3,1,6,3,4,4,0,0,1,4,3,3,4,4,2,3,4,2,1,2,3,3,2,2,3,1,1,1,0,0,4,3,8,1,3,1,1,0,1,5,1,4,6,2,1,0,1,0,0,6,3,3,5,3,2,3,3,0,0,4,4,8,10,7,2,2,1,0,0,1,3,1,4,1,0,1,1,1,1,1,6,3,1,1,1,0,0,0,0,3,3,5,2,0,2,3,0,1,1,1,3,1,0,2,2,1,0,0,0
27,8729,3,2,1,0,5,2,0,1,1,1,0,4,1,3,2,1,3,0,1,2,3,7,3,1,0,2,3,0,0,0,1,4,4,3,3,2,3,1,2,0,1,2,6,5,2,2,1,0,2,0,1,0,4,5,0,1,3,0,0,0,2,1,2,1,4,1,2,0,0,2,1,0,5,4,2,0,0,0,2,0,7,1,4,2,3,3,0,1,1,0,2,6,1,6,3,0,1,2,1,2,2,4,1,1,1,0,2,0,0,1,7,9,2,2,2,1,0,0,0,1
28,24498,0,5,4,3,5,6,0,2,2,0,3,5,3,7,2,6,2,0,0,1,7,1,5,5,2,1,1,0,1,2,3,2,5,2,3,1,0,0,1,0,5,1,7,2,1,1,1,0,2,1,4,5,3,5,3,0,2,0,1,0,1,3,0,5,2,0,1,1,2,0,3,7,4,2,5,1,1,2,2,0,6,3,4,3,2,0,1,0,1,2,4,5,7,2,6,1,1,1,2,0,4,4,6,5,4,3,0,1,1,0,6,2,5,1,3,1,1,1,0,0
29,13458,4,1,0,0,4,1,0,2,0,0,1,2,0,0,0,1,0,2,1,1,1,3,2,2,3,0,1,2,0,0,2,1,1,2,0,0,1,0,0,0,4,0,3,2,3,0,0,0,1,0,1,0,3,0,0,0,0,0,0,0,0,0,1,3,0,0,0,0,0,1,1,0,0,2,1,0,1,0,0,0,2,0,0,1,0,0,0,1,2,0,2,6,2,0,1,0,1,0,0,0,2,6,2,0,1,0,0,0,0,1,1,3,1,1,3,0,0,0,0,0
30,14497,1,0,0,0,1,0,0,0,0,0,1,0,4,1,0,1,0,0,1,0,0,0,4,0,1,1,0,1,0,0,0,1,0,1,1,0,0,0,0,0,0,1,0,0,1,0,0,0,0,0,1,2,1,0,1,0,0,0,0,0,0,1,2,0,0,0,1,0,0,0,0,2,1,0,0,0,0,0,0,1,0,3,1,1,1,0,0,0,0,1,0,1,0,0,3,0,0,0,0,0,1,1,3,0,1,0,0,0,0,0,1,1,0,0,4,0,0,0,0,0
31,17033,6,7,3,3,2,2,0,1,2,2,2,6,3,3,3,1,1,0,1,1,4,0,3,4,1,4,2,2,1,1,6,0,5,5,4,0,1,3,1,0,10,1,2,5,5,0,0,1,1,0,4,1,2,6,2,0,0,0,3,0,2,2,4,4,4,1,0,1,0,0,6,1,3,8,1,3,4,1,1,2,7,6,7,5,1,1,0,0,0,1,9,4,6,1,2,1,1,1,1,0,4,7,2,4,0,1,0,1,2,0,5,3,4,3,0,0,0,1,2,2
32,9036,1,3,5,1,3,0,0,0,1,1,2,3,1,1,3,0,0,0,0,0,1,2,1,0,1,1,0,0,2,0,1,3,6,2,0,1,0,0,0,2,2,0,4,0,3,0,1,0,1,0,3,0,1,1,0,0,0,0,1,0,1,4,0,1,1,0,0,1,3,0,1,1,0,0,0,0,0,0,0,0,4,1,1,1,0,0,1,0,0,0,5,4,1,2,1,1,0,0,1,1,6,4,3,2,1,0,1,0,0,0,5,1,2,0,0,1,0,0,1,0
33,9694,0,0,0,4,3,0,0,0,1,0,5,3,0,0,1,0,0,0,1,1,1,2,3,5,2,0,1,0,2,0,4,2,1,1,3,0,1,1,0,0,5,2,2,0,2,0,1,3,0,0,8,1,6,1,1,0,1,0,1,0,6,2,7,0,2,0,1,2,1,0,0,2,2,0,0,0,1,1,4,0,1,2,3,4,1,0,0,1,0,0,4,2,3,3,0,1,0,2,0,2,7,1,3,3,1,1,0,0,0,0,12,3,2,2,0,0,2,0,1,0
34,12763,1,1,2,1,1,0,0,0,1,0,0,2,1,0,0,0,0,0,0,0,2,0,0,0,1,0,0,0,0,0,0,0,0,0,1,2,0,0,0,0,1,0,1,0,0,0,0,0,0,0,0,0,0,0,0,0,0,1,0,1,0,0,1,0,0,0,1,0,0,0,0,0,1,0,0,0,0,0,0,0,3,1,1,0,0,0,0,0,0,0,1,2,1,0,1,0,0,0,0,2,1,2,2,1,1,0,1,0,0,0,0,0,0,1,0,0,0,0,0,0
35,6899,1,4,2,2,1,1,0,0,0,1,0,4,2,3,3,0,1,0,1,2,2,1,1,1,1,0,0,0,0,0,1,1,2,1,1,0,1,0,0,1,0,3,2,0,1,0,0,0,0,0,0,2,2,2,0,1,0,0,0,0,1,1,5,1,1,0,1,0,0,0,1,1,3,2,2,0,0,1,0,0,2,1,3,3,0,0,1,0,0,0,0,0,1,3,0,1,0,0,1,0,1,1,2,0,4,1,1,0,1,0,0,0,3,0,1,0,1,0,0,0
36,747,0,0,0,0,0,0,0,0,0,0,0,1,0,0,0,0,0,0,0,0,0,0,0,0,0,0,0,0,0,0,0,1,0,0,0,0,2,0,0,0,0,0,0,0,0,0,1,0,0,0,0,0,0,0,2,0,0,0,0,0,0,0,1,1,0,0,1,0,1,0,0,0,0,1,0,0,0,0,0,0,0,0,0,0,0,0,0,0,0,0,0,0,0,0,0,0,0,0,0,0,0,2,0,0,1,0,1,0,0,0,1,0,0,0,1,0,0,1,0,0
37,371,1,1,0,0,0,0,0,0,0,1,1,0,0,1,0,0,0,0,0,1,0,0,0,1,0,0,0,0,0,0,0,0,2,0,0,0,0,0,0,0,1,0,1,0,0,1,0,0,0,0,1,1,1,0,0,0,0,0,0,0,0,0,0,0,1,0,1,0,0,0,0,0,0,0,0,0,0,0,0,0,1,0,1,1,0,0,0,1,0,0,1,0,0,0,0,1,1,0,0,0,0,1,0,0,1,0,0,0,0,0,0,0,0,0,0,0,0,0,0,0
38,1061,1,0,0,0,1,0,0,1,0,0,0,0,0,0,0,0,0,0,0,0,1,1,2,0,0,0,0,0,0,0,0,1,0,0,1,0,0,0,0,1,1,0,0,0,0,0,0,0,1,0,0,0,0,0,0,0,0,0,0,0,0,0,2,0,0,0,0,0,0,0,0,1,1,0,0,0,1,1,0,0,0,0,0,1,0,0,0,1,0,0,1,0,0,0,0,0,0,0,0,0,1,0,0,0,1,0,0,0,0,0,0,0,0,0,1,0,0,0,0,0
39,2070,2,1,0,0,0,0,0,0,0,0,0,0,0,0,0,0,0,2,0,0,0,1,0,1,0,0,1,1,0,0,0,1,1,0,0,0,1,0,0,0,0,0,1,0,1,0,0,1,0,0,2,1,0,2,0,0,0,0,0,0,1,0,3,0,1,0,0,0,0,0,0,0,4,1,0,0,1,0,1,1,2,0,0,0,0,0,0,0,0,0,1,0,0,0,0,0,1,0,0,0,0,0,1,2,0,0,4,1,0,0,1,2,0,2,0,0,0,0,1,1
40,2358,0,0,0,0,0,0,0,0,0,0,0,2,0,0,2,1,0,0,0,0,0,1,1,0,0,0,0,0,1,0,0,1,1,1,1,1,1,0,0,0,0,0,1,0,0,1,1,0,0,0,0,0,0,0,1,0,1,0,1,0,0,1,1,4,1,0,0,0,0,0,3,0,0,0,0,0,0,0,0,0,2,0,0,1,1,1,1,0,0,0,0,0,1,1,0,1,0,0,1,0,1,1,1,0,0,0,0,0,0,0,0,0,0,0,0,0,1,0,0,0
41,2123,1,1,1,1,0,0,0,1,1,0,0,0,1,2,0,0,0,0,0,0,0,0,1,1,1,0,1,0,0,0,2,1,4,0,0,0,1,0,1,0,0,0,1,1,0,0,0,0,0,0,0,1,1,0,0,0,0,0,0,1,0,0,4,0,0,0,3,0,0,0,0,0,2,0,0,0,1,0,0,0,0,0,0,0,2,0,1,1,0,0,1,0,0,0,1,0,0,0,0,0,0,1,2,0,0,0,2,0,0,1,2,0,0,0,0,0,1,0,0,0
42,700,0,1,0,0,0,0,0,0,0,0,0,0,0,0,2,0,0,0,0,0,0,0,0,2,0,0,0,0,0,0,0,0,0,1,0,0,0,0,0,0,0,0,0,0,1,0,0,0,0,0,0,0,0,0,0,0,0,0,0,0,1,0,0,0,0,0,0,0,0,0,0,1,0,1,0,0,0,0,0,0,0,0,1,0,0,0,0,0,0,0,0,0,1,0,0,0,0,0,0,0,0,0,0,0,0,1,0,1,0,0,0,0,0,0,0,0,0,0,0,0
43,632,0,0,0,2,1,0,0,0,0,0,0,0,0,1,0,0,0,0,0,0,0,0,0,0,0,0,0,0,0,0,0,0,1,0,0,0,0,0,0,0,0,0,0,0,0,0,0,0,0,0,0,0,2,2,0,0,0,0,0,0,0,0,0,0,0,0,0,0,0,0,0,0,1,0,0,0,0,0,0,0,1,0,0,0,0,0,0,0,0,0,0,0,2,0,0,0,0,0,0,0,0,1,1,0,0,0,0,0,0,0,0,0,0,0,0,0,0,0,0,0
44,1351,0,0,1,1,0,0,0,0,0,0,1,1,1,0,0,0,0,0,0,0,0,0,1,0,0,0,0,0,0,0,0,1,0,0,0,0,0,0,0,0,0,0,0,0,0,1,0,0,0,0,0,0,0,2,0,0,0,0,0,0,0,2,0,0,0,0,0,0,0,0,0,2,1,0,0,0,0,0,0,0,0,1,0,0,1,0,0,0,0,0,0,0,0,0,0,0,0,0,0,0,0,0,0,0,0,0,0,0,0,0,0,0,0,1,0,0,0,0,0,0
45,18106,2,2,3,2,3,1,0,0,0,0,1,4,3,1,3,2,1,0,0,1,1,1,1,3,1,0,1,0,0,0,3,1,2,2,2,1,0,0,1,0,1,2,3,2,0,0,0,0,1,0,1,0,4,1,0,1,0,1,0,0,1,0,3,2,1,0,1,0,0,0,0,5,2,2,0,0,1,1,2,0,0,0,2,1,0,1,0,1,0,0,2,7,2,3,0,2,0,0,0,0,0,3,4,2,2,0,0,0,0,0,2,2,1,0,0,0,1,0,0,1
46,18287,1,3,3,1,4,2,0,0,3,2,4,5,2,4,3,0,1,0,0,0,3,3,3,3,2,1,2,0,0,1,4,2,2,6,4,0,1,3,2,0,6,0,6,10,3,0,0,0,4,2,3,4,6,7,2,1,2,1,2,1,4,3,3,3,2,1,3,2,2,1,0,3,2,4,0,1,2,1,1,2,1,5,6,1,0,2,3,2,2,1,5,0,4,2,2,1,3,0,0,0,1,3,4,3,2,0,5,2,2,0,6,4,1,1,3,0,1,0,3,1
47,27942,2,6,7,5,11,4,0,0,2,1,4,9,16,12,7,5,5,1,3,0,5,2,7,10,4,8,9,3,4,3,2,10,14,10,3,3,3,4,6,1,12,7,16,10,6,4,1,4,7,3,5,7,16,12,5,3,3,3,4,1,11,6,12,4,0,1,2,1,4,3,5,4,13,9,8,2,5,5,3,4,2,4,14,6,6,2,7,3,1,5,4,13,8,8,2,1,5,5,4,2,8,24,6,9,7,2,3,1,1,3,3,10,3,4,5,0,0,0,1,3
48,20455,7,8,11,1,2,10,0,2,4,3,0,2,11,6,6,2,4,4,6,3,4,5,6,6,9,4,7,5,11,7,1,5,11,9,4,5,6,3,17,3,0,5,13,8,8,2,1,5,8,2,4,7,11,6,6,2,4,0,3,2,4,9,6,8,3,3,6,2,12,1,6,6,11,5,11,3,5,4,3,1,9,5,5,9,4,6,2,4,8,2,4,12,6,5,4,4,4,6,4,0,6,12,2,5,6,2,5,8,7,1,10,2,4,3,5,2,4,9,7,1
49,8967,0,1,2,2,0,0,0,0,0,1,0,2,1,2,0,1,0,0,0,1,0,3,1,1,1,2,1,0,1,0,0,0,3,0,2,2,3,0,1,1,2,2,4,4,1,0,0,1,1,0,1,3,3,3,2,1,1,2,0,0,0,2,1,1,0,2,2,1,0,0,0,0,3,0,1,3,1,1,0,0,1,1,3,2,0,0,0,0,0,1,2,3,1,2,2,1,0,0,0,0,1,1,3,1,4,0,1,1,1,1,0,0,1,1,0,2,0,1,0,0
50,6634,0,1,1,0,0,0,0,0,0,0,0,1,0,3,3,1,0,1,1,0,2,2,2,2,1,0,3,0,0,0,0,0,0,0,2,1,1,2,1,0,1,0,0,3,1,0,0,0,0,0,0,0,3,0,1,1,0,0,0,0,0,3,2,1,0,1,0,0,0,0,1,1,2,2,0,3,1,0,0,1,2,1,2,1,0,1,0,0,1,0,1,2,0,0,0,0,0,2,1,0,2,0,3,1,0,2,0,0,0,0,1,0,1,1,0,1,2,0,1,0
51,11905,0,2,3,3,3,1,0,0,0,1,0,2,0,2,2,0,0,1,1,0,4,2,4,1,3,1,6,0,0,0,0,1,3,1,2,1,2,0,0,1,0,2,3,2,0,0,0,1,1,0,0,2,3,1,2,0,2,0,0,2,1,0,2,0,2,0,0,0,1,3,0,2,3,1,3,2,3,0,3,0,2,0,4,1,2,3,1,0,1,1,0,0,3,1,1,0,1,3,2,1,1,2,5,1,0,1,1,0,0,3,3,2,0,0,1,1,0,1,0,1
52,6026,1,0,1,1,3,3,0,0,0,1,0,1,2,1,2,4,0,2,0,1,0,1,4,1,2,2,0,1,0,0,3,1,0,3,1,2,1,0,0,0,3,1,2,0,2,1,1,1,1,0,0,0,2,1,1,0,0,0,1,3,1,2,2,1,1,0,0,0,0,0,1,2,4,1,2,1,0,0,1,1,0,2,2,4,1,1,1,0,0,1,1,1,0,1,0,1,0,1,2,1,2,0,0,4,1,0,1,0,0,0,2,2,0,3,0,1,2,0,1,0
53,4718,0,3,0,5,4,1,0,0,0,1,0,1,2,3,4,1,1,0,1,0,0,0,0,7,4,2,2,0,0,2,0,1,1,2,1,1,1,1,1,0,1,0,2,0,1,0,1,1,0,0,2,0,2,1,1,0,1,0,0,1,2,0,5,2,2,1,1,0,1,4,2,2,5,3,2,1,1,0,0,0,0,2,3,1,1,2,2,0,0,0,1,0,3,2,6,0,1,0,0,0,1,0,3,0,2,0,0,0,1,0,1,1,4,0,3,1,0,0,0,0
54,8666,3,8,7,2,13,5,0,1,1,3,4,8,5,3,1,1,5,1,3,7,2,5,10,4,3,2,6,0,2,2,1,8,10,2,8,0,3,2,6,1,4,1,14,1,7,2,4,0,1,2,3,3,1,3,3,1,4,0,6,0,3,4,4,2,3,0,5,1,7,0,2,3,3,2,2,1,5,0,2,3,2,1,5,2,2,0,5,0,2,0,5,1,6,1,1,0,3,1,0,0,4,6,1,3,2,0,4,1,2,1,6,4,1,3,3,0,3,0,2,1
55,25853,2,7,8,7,5,0,0,0,4,1,3,3,6,3,4,2,1,1,2,0,2,9,11,4,4,3,4,2,3,0,0,5,6,10,2,4,4,0,5,1,5,8,5,4,10,0,2,3,1,0,3,6,6,6,3,3,2,2,4,1,4,4,9,4,5,1,3,2,2,1,3,4,15,11,7,5,1,2,1,0,3,3,17,7,4,4,2,1,0,0,7,3,11,8,3,1,2,2,2,1,1,5,7,5,1,1,1,2,1,0,4,9,10,2,1,1,5,3,2,2
56,19349,2,4,4,3,6,3,0,0,2,2,0,3,7,3,4,4,1,3,3,2,1,4,13,2,1,3,5,1,0,0,1,6,3,5,4,1,6,0,3,0,3,6,12,10,5,0,1,1,2,0,2,6,5,3,3,1,1,0,0,0,4,2,7,2,2,0,1,1,0,0,1,0,8,2,1,2,2,2,0,0,0,1,6,6,5,1,3,1,1,1,0,3,6,1,0,0,2,3,1,3,2,2,2,5,4,2,1,2,2,0,5,6,1,1,0,0,1,0,0,1
57,3163,2,1,1,1,1,0,0,1,0,0,0,1,4,0,2,0,0,0,0,0,0,0,3,0,1,0,1,0,0,0,0,0,3,2,0,0,0,0,0,0,0,1,0,2,2,0,0,0,0,0,2,2,1,0,0,0,0,1,0,0,1,0,1,4,2,0,0,0,0,0,1,1,2,1,0,2,0,2,2,2,0,0,2,0,1,0,0,0,1,1,2,0,1,3,0,1,0,0,0,0,0,0,0,3,0,0,0,0,0,0,0,2,0,1,0,0,0,0,0,0
58,1643,0,1,0,0,0,0,0,0,0,0,0,0,1,1,0,0,1,1,0,0,0,0,0,1,0,0,0,0,0,0,0,1,0,1,1,0,1,0,0,1,0,0,1,0,1,0,0,0,0,0,2,0,0,0,0,0,1,0,0,0,0,0,0,0,0,0,0,1,0,1,1,1,1,1,1,0,0,0,0,0,1,1,0,1,1,0,0,0,0,0,0,0,1,3,0,0,0,0,0,2,1,0,0,1,0,1,0,1,0,0,2,1,0,1,0,1,1,0,0,0
59,18962,4,4,4,4,7,0,0,2,0,0,1,5,1,8,5,3,1,3,0,1,3,3,5,9,3,5,3,0,2,0,5,5,3,10,3,2,0,4,1,2,5,4,5,6,3,2,2,0,0,0,2,0,7,6,5,2,1,0,3,0,3,2,10,4,2,0,2,1,0,0,6,2,10,13,5,1,4,1,0,0,2,3,9,9,6,3,2,0,1,0,3,3,5,9,1,0,5,3,1,1,3,0,6,3,2,0,2,1,0,0,4,2,8,7,1,1,3,2,0,0
60,6890,0,3,2,5,3,0,0,0,0,1,0,1,1,7,2,1,1,1,0,0,3,2,1,4,3,1,3,1,0,1,3,3,2,5,4,1,1,3,0,0,1,3,5,2,1,2,1,1,0,0,2,0,1,2,2,2,0,1,1,0,0,0,2,2,4,0,1,1,0,0,1,1,4,3,1,1,1,1,0,0,0,1,4,3,1,0,2,2,1,0,2,3,3,0,1,0,0,1,2,0,2,3,4,0,0,0,0,0,0,3,2,0,1,5,0,0,0,0,1,0
61,7365,1,2,7,2,7,3,0,2,1,1,0,2,7,6,0,1,3,1,0,1,1,4,3,1,0,0,2,0,2,0,3,2,4,2,2,3,0,1,1,0,2,1,6,2,2,0,1,0,0,0,3,2,2,2,3,0,0,0,1,0,0,0,1,3,1,0,0,0,0,3,4,0,3,1,3,0,0,0,4,0,1,0,2,2,6,0,2,0,1,0,2,5,8,3,1,2,1,2,1,0,2,1,3,1,1,0,0,1,1,0,3,8,5,1,0,0,0,1,0,0
62,2527,0,0,1,2,0,0,0,0,1,0,0,0,1,1,1,0,0,0,1,1,0,0,1,0,0,1,0,0,0,0,0,1,0,1,2,0,2,0,1,0,0,3,0,0,0,0,0,0,0,1,1,0,2,0,0,1,1,0,0,0,0,0,0,0,0,0,0,0,0,0,0,0,0,0,0,0,0,0,0,0,0,1,0,0,0,0,0,0,1,0,0,0,0,0,1,1,0,0,0,0,0,1,2,0,0,0,0,1,0,0,2,1,0,0,0,0,1,1,0,0
63,3258,0,2,2,5,1,2,0,0,0,0,1,2,0,0,0,1,1,1,1,0,0,0,1,0,1,1,0,1,0,0,1,0,2,0,0,2,1,3,0,1,1,1,1,1,1,0,0,0,0,0,1,0,2,1,1,0,0,2,0,0,1,0,0,1,0,0,1,0,0,0,2,0,1,3,0,2,4,0,0,0,2,0,0,1,0,0,0,1,0,0,0,3,4,1,0,3,0,0,0,0,1,0,1,0,2,1,0,0,0,2,1,0,0,1,0,0,0,0,1,0
64,180,0,0,0,0,0,0,0,0,0,0,0,0,1,0,0,0,0,0,0,0,0,0,0,0,0,0,0,0,0,0,0,0,0,0,0,0,0,0,0,0,0,0,0,0,0,0,1,0,0,0,0,0,0,0,0,0,0,0,0,0,0,0,0,0,0,0,0,0,0,0,0,0,0,0,0,0,0,0,0,0,0,0,0,0,0,0,0,0,1,0,0,0,0,0,0,0,0,0,0,0,0,0,0,0,0,0,0,0,0,0,1,0,0,0,0,1,0,0,0,0
65,431,0,1,0,0,0,1,0,0,0,0,0,2,0,0,1,0,0,0,0,0,0,0,0,0,0,0,0,0,0,0,0,0,1,3,0,0,0,0,0,0,0,0,0,0,0,0,0,0,0,0,1,0,1,0,0,0,0,0,0,0,0,0,1,0,0,1,0,1,0,0,0,0,0,0,0,0,0,0,0,0,0,0,0,0,0,0,0,0,0,0,1,0,0,0,0,0,1,0,0,1,0,0,1,0,0,0,0,0,0,0,0,0,0,1,0,0,0,0,0,0
66,2045,1,0,0,1,0,0,0,0,0,0,1,0,0,0,0,0,0,0,0,0,0,1,0,0,0,0,0,0,0,1,0,0,0,0,1,1,0,0,0,0,0,0,0,0,1,0,0,0,0,0,0,0,0,0,0,0,0,0,1,0,1,1,0,1,0,0,0,0,0,0,0,0,0,2,0,0,0,0,1,0,0,0,0,0,0,0,0,0,0,0,0,0,0,1,1,0,0,0,0,1,0,0,2,0,0,0,0,0,0,0,1,1,1,0,1,1,0,0,0,0
67,11710,0,2,3,0,0,1,0,0,0,0,1,1,1,2,2,1,0,0,0,1,0,1,3,1,0,0,1,1,0,0,1,0,2,4,1,3,1,1,0,0,3,1,1,2,0,0,0,0,0,0,5,1,0,0,0,0,1,0,0,0,3,0,1,5,0,2,1,0,3,0,1,1,2,1,1,0,0,1,0,0,2,0,1,2,1,0,1,0,0,1,1,4,0,0,0,1,0,0,1,0,1,1,3,0,2,0,0,1,0,0,8,2,0,1,0,0,0,1,0,0
68,14119,6,9,1,1,7,1,0,0,1,0,2,10,3,2,1,0,2,1,2,1,5,4,4,0,4,0,1,1,1,1,6,3,2,0,0,2,3,1,1,0,2,3,4,1,0,0,1,1,1,0,3,2,2,1,1,0,1,0,3,0,5,0,4,4,1,1,2,0,2,0,1,4,8,2,2,1,1,4,0,3,2,0,3,0,1,1,1,1,0,0,2,2,2,2,0,0,0,0,0,0,12,2,2,1,1,0,1,0,2,1,5,2,2,4,0,1,0,2,0,3
69,5862,3,1,1,3,0,1,0,0,0,1,0,1,1,0,2,0,1,0,0,0,0,1,5,1,2,0,2,0,1,0,5,1,6,1,2,2,2,0,2,0,4,4,4,1,1,0,0,0,3,2,1,1,3,0,0,2,0,1,0,0,4,1,7,0,0,0,2,0,0,0,0,1,7,1,1,0,0,1,0,0,1,1,4,0,0,2,3,0,1,0,1,0,0,2,0,0,0,0,0,0,1,0,1,1,0,0,0,0,0,1,3,1,0,2,0,0,0,0,0,0
70,12682,3,1,6,3,1,0,0,1,0,1,1,3,4,2,2,1,3,3,3,0,1,4,9,2,1,1,1,2,1,0,4,5,4,1,0,0,4,1,2,1,3,5,6,2,1,2,0,6,6,1,0,3,7,0,4,1,0,2,0,1,4,2,13,2,1,2,1,1,5,1,3,6,2,5,1,1,0,5,0,2,3,0,0,1,2,3,2,1,0,0,1,2,0,4,2,0,3,1,0,0,0,5,5,2,2,0,3,0,1,1,2,7,4,5,1,1,1,0,1,1
71,14044,1,5,3,6,1,1,0,0,2,1,0,6,5,5,2,1,0,0,4,0,0,1,3,4,0,0,0,1,2,0,1,1,6,4,4,1,1,1,2,0,0,3,5,0,4,1,1,2,0,1,1,5,4,3,1,2,0,1,2,1,1,2,9,1,0,0,2,0,3,1,1,3,5,4,0,1,1,1,2,1,0,3,3,1,1,2,2,0,0,0,3,2,1,1,0,1,1,1,1,0,1,0,0,0,0,1,2,1,2,1,1,3,1,2,2,1,0,0,0,0
72,6953,0,1,3,1,0,2,0,1,1,1,0,0,0,0,2,2,0,0,0,0,0,0,1,3,3,1,1,0,3,0,0,1,3,2,1,2,0,0,0,0,0,1,1,2,1,0,2,0,0,0,0,2,0,0,2,0,0,0,2,0,1,1,2,1,1,0,0,0,2,0,0,2,2,1,1,0,0,2,2,0,1,1,3,2,2,1,1,0,1,1,2,1,2,1,0,0,0,0,0,0,1,0,0,3,0,0,0,0,1,0,0,1,0,2,1,0,0,0,0,0
73,16672,2,2,3,1,5,2,0,0,1,3,2,4,4,6,2,2,1,0,1,2,4,3,3,5,1,0,2,1,3,1,3,1,3,1,3,2,0,1,0,1,0,6,6,1,2,0,0,0,3,0,4,7,5,4,4,0,3,1,2,0,1,5,7,3,5,0,0,3,2,0,3,1,6,2,2,0,0,0,0,1,3,0,7,4,3,1,0,0,2,0,2,1,6,4,0,0,1,1,1,0,3,3,6,2,0,1,0,2,0,1,3,4,5,8,1,0,0,2,0,0
74,22476,4,6,6,1,2,1,0,0,0,0,5,3,2,1,7,4,2,2,3,2,10,2,11,2,1,3,2,0,1,1,1,5,7,1,1,0,2,0,5,1,3,1,9,1,2,0,0,1,4,0,7,1,5,0,1,0,0,0,2,1,8,1,3,2,0,1,0,1,0,1,4,3,4,2,1,0,1,2,1,0,3,0,5,0,0,1,0,2,2,3,5,1,3,2,0,0,1,1,1,1,4,3,5,3,1,0,1,1,1,0,4,6,10,2,1,1,3,0,2,0
75,14953,4,1,3,3,0,2,0,0,0,5,3,1,5,3,2,1,0,0,1,3,5,8,5,1,2,1,1,0,0,1,1,7,9,2,3,1,2,0,0,2,1,4,8,3,1,1,1,1,0,3,2,6,5,3,0,0,1,2,0,2,6,2,5,1,1,0,0,0,0,0,4,1,4,4,2,0,2,3,2,0,3,0,4,0,2,1,0,1,1,2,3,1,1,0,0,0,0,0,2,0,1,0,4,0,1,0,2,0,0,1,2,2,2,1,2,1,1,1,0,0
76,15331,0,2,4,0,2,0,0,0,0,2,2,3,2,2,2,0,0,0,1,1,5,1,0,1,0,2,2,0,0,0,3,2,2,2,1,0,0,0,1,1,2,1,1,0,1,0,1,1,0,0,3,2,1,0,1,1,1,1,0,0,2,2,4,0,0,1,0,0,0,0,2,3,2,1,0,2,0,0,0,3,3,1,4,1,0,0,0,0,1,2,4,4,2,2,0,0,2,0,2,0,2,2,3,2,0,0,0,1,0,2,1,2,1,2,0,0,0,1,3,1
77,13950,1,0,2,4,4,4,0,0,3,1,2,1,5,5,2,0,0,3,3,2,2,2,6,1,1,0,0,4,2,2,1,3,4,5,0,0,2,1,1,1,5,2,0,1,2,1,0,1,2,3,1,1,3,5,3,0,4,4,2,0,1,1,6,1,0,1,3,0,0,0,1,2,9,9,2,1,1,3,1,0,2,2,3,6,2,2,1,1,2,0,3,2,5,0,0,0,1,0,3,2,0,0,1,3,2,0,2,0,2,0,4,2,4,0,1,0,1,0,0,1
78,12572,1,3,2,1,1,2,0,0,0,0,1,2,1,3,0,1,0,0,0,0,2,0,2,2,0,0,1,0,4,2,0,4,4,4,2,0,0,1,0,2,2,0,4,3,0,0,2,1,1,1,1,0,1,2,1,0,0,1,0,0,0,0,1,1,0,0,1,0,2,0,1,0,1,3,1,1,0,0,0,0,1,1,0,0,1,0,0,0,1,0,0,0,2,3,0,0,1,0,2,1,1,4,4,1,1,0,0,1,1,0,0,1,5,1,0,0,0,0,0,0
